--
-- PostgreSQL database dump
--

\restrict l4vS3qIBAWaejubfyoJx07JLSWkwxcvSN3oAudoEDbz79pVwMtKfYr7urKvMnq2

-- Dumped from database version 15.17
-- Dumped by pg_dump version 15.17

SET statement_timeout = 0;
SET lock_timeout = 0;
SET idle_in_transaction_session_timeout = 0;
SET client_encoding = 'UTF8';
SET standard_conforming_strings = on;
SELECT pg_catalog.set_config('search_path', '', false);
SET check_function_bodies = false;
SET xmloption = content;
SET client_min_messages = warning;
SET row_security = off;

--
-- Name: Role; Type: TYPE; Schema: public; Owner: -
--

CREATE TYPE public."Role" AS ENUM (
    'USER',
    'ADMIN'
);


SET default_tablespace = '';

SET default_table_access_method = heap;

--
-- Name: Category; Type: TABLE; Schema: public; Owner: -
--

CREATE TABLE public."Category" (
    id text NOT NULL,
    name text NOT NULL,
    key text NOT NULL,
    "createdAt" timestamp(3) without time zone DEFAULT CURRENT_TIMESTAMP NOT NULL,
    "userId" text NOT NULL
);


--
-- Name: Profile; Type: TABLE; Schema: public; Owner: -
--

CREATE TABLE public."Profile" (
    id text NOT NULL,
    experience text NOT NULL,
    roles text NOT NULL,
    strength text NOT NULL,
    "categoryId" text NOT NULL
);


--
-- Name: PromptLog; Type: TABLE; Schema: public; Owner: -
--

CREATE TABLE public."PromptLog" (
    id text NOT NULL,
    title text,
    job text NOT NULL,
    output text NOT NULL,
    connects integer,
    won boolean,
    "createdAt" timestamp(3) without time zone DEFAULT CURRENT_TIMESTAMP NOT NULL,
    "userId" text NOT NULL,
    "categoryId" text NOT NULL,
    viewed boolean DEFAULT false NOT NULL,
    answered boolean DEFAULT false,
    boosted integer
);


--
-- Name: User; Type: TABLE; Schema: public; Owner: -
--

CREATE TABLE public."User" (
    id text NOT NULL,
    email text NOT NULL,
    password text NOT NULL,
    name text,
    role public."Role" DEFAULT 'USER'::public."Role" NOT NULL,
    "emailVerified" boolean DEFAULT false NOT NULL,
    "createdAt" timestamp(3) without time zone DEFAULT CURRENT_TIMESTAMP NOT NULL,
    "updatedAt" timestamp(3) without time zone NOT NULL,
    "lastLogin" timestamp(3) without time zone
);


--
-- Name: _prisma_migrations; Type: TABLE; Schema: public; Owner: -
--

CREATE TABLE public._prisma_migrations (
    id character varying(36) NOT NULL,
    checksum character varying(64) NOT NULL,
    finished_at timestamp with time zone,
    migration_name character varying(255) NOT NULL,
    logs text,
    rolled_back_at timestamp with time zone,
    started_at timestamp with time zone DEFAULT now() NOT NULL,
    applied_steps_count integer DEFAULT 0 NOT NULL
);


--
-- Data for Name: Category; Type: TABLE DATA; Schema: public; Owner: -
--

COPY public."Category" (id, name, key, "createdAt", "userId") FROM stdin;
894c3c38-dfa4-44ba-b8bc-95649da0c18b	UI DESIGN	ui-design	2026-03-19 23:56:12.628	3f648760-e080-45cf-8da9-75cb97967816
c0336d1b-2afc-4d47-ad46-5d78cd2fee73	REACT NEXT.JS	react-nextjs	2026-03-19 19:37:49.546	3f648760-e080-45cf-8da9-75cb97967816
dac2f1a8-e472-47e2-ac88-2afa7ea7f980	GRAPHIC DESIGNER	graphic-designer	2026-03-20 14:25:26.818	3f648760-e080-45cf-8da9-75cb97967816
7ded368c-83f7-4ba9-a934-3d36b9988e2a	DATA ENTRY	data-entry	2026-03-20 14:26:42.91	3f648760-e080-45cf-8da9-75cb97967816
34ef57b3-bf23-402a-84b8-fd516653e389	VIRTUAL ASSISTANT	virtual-assistant	2026-03-20 14:27:09.974	3f648760-e080-45cf-8da9-75cb97967816
e1ed708b-4ca9-4aa1-9e58-bb84ead4d434	Wordpress	wordpress	2026-03-19 23:51:26.661	3f648760-e080-45cf-8da9-75cb97967816
d40b1e47-c83f-4924-8902-e845cd74673c	Wordpress	wordpress	2026-03-24 01:32:32.69	18a23946-2020-43e5-a2e2-a99c5a03143e
797afed3-0b42-48cf-b9d2-a0d19c69cae3	VIRTUAL ASSISTANT	virtual-assistant	2026-03-24 01:33:09.194	18a23946-2020-43e5-a2e2-a99c5a03143e
1fc7e251-cc7c-4676-8c81-e59eacff6c71	UI DESIGN	ui-design	2026-03-24 01:33:40.085	18a23946-2020-43e5-a2e2-a99c5a03143e
95fcd93d-e9a8-4315-9650-44cc6e6c199b	REACT NEXT.JS	react-nextjs	2026-03-24 01:34:13.039	18a23946-2020-43e5-a2e2-a99c5a03143e
31257231-370c-4187-8eee-6199cf455978	GRAPHIC DESIGNER	graphic-designer	2026-03-24 01:34:47.307	18a23946-2020-43e5-a2e2-a99c5a03143e
13444f16-459a-4c77-8446-1f83af4f263c	DATA ENTRY	data-entry	2026-03-24 01:35:12.167	18a23946-2020-43e5-a2e2-a99c5a03143e
\.


--
-- Data for Name: Profile; Type: TABLE DATA; Schema: public; Owner: -
--

COPY public."Profile" (id, experience, roles, strength, "categoryId") FROM stdin;
02b3143f-6567-4155-8d6f-26da80b5d726	10+ years designing user interfaces and digital experiences aligned with marketing and usability principles.	UI Designer + Advertising Specialist	Designing conversion-focused interfaces with clear user flows, strong visual hierarchy, and effective CTAs.	894c3c38-dfa4-44ba-b8bc-95649da0c18b
3b29aa19-8923-42c5-99a5-aedca77e2466	5+ years developing modern web applications with a strong focus on performance and scalability.	React / Next.js Developer	Creating fast, scalable, and user-focused applications with clean architecture and optimized UX.	c0336d1b-2afc-4d47-ad46-5d78cd2fee73
fbefbade-6ad8-4da2-91b6-2540564d92eb	10+ years creating visual communication for brands across multiple industries.	Graphic Designer + Brand Identity Specialist	Developing impactful visual identities and marketing assets that communicate clearly and strengthen brand presence.	dac2f1a8-e472-47e2-ac88-2afa7ea7f980
0ddb21cc-dff7-4fc1-b006-57379216cf80	Professional experience handling structured data and digital content management.	Data Entry Specialist	High accuracy, attention to detail, and reliable delivery of clean and well-organized data.	7ded368c-83f7-4ba9-a934-3d36b9988e2a
db9ce5cc-0c05-49a3-994f-105387609bff	Professional experience supporting digital tasks, organization, and workflow management.	Virtual Assistant	Strong organization, communication, and task execution to keep operations running efficiently.	34ef57b3-bf23-402a-84b8-fd516653e389
262194f4-daf6-496e-ad17-150e490ff7c4	10+ years building custom WordPress websites, themes, and plugins for multiple industries.	WordPress Developer + UI Designer	Building high-converting WordPress websites with custom UI, clear CTAs, and optimized performance.	e1ed708b-4ca9-4aa1-9e58-bb84ead4d434
f6c5823a-89cf-472f-9dfa-658fd83c84f9	10+ years building custom WordPress websites, themes, and plugins for multiple industries.	WordPress Developer + UI Designer	Building high-converting WordPress websites with custom UI, clear CTAs, and optimized performance.	d40b1e47-c83f-4924-8902-e845cd74673c
ffff5b6e-308c-4730-af96-25ddf5ad79bd	Professional experience supporting digital tasks, organization, and workflow management.	Virtual Assistant	Strong organization, communication, and task execution to keep operations running efficiently.	797afed3-0b42-48cf-b9d2-a0d19c69cae3
6312e7fa-4088-4b18-bdee-ddd1ff23d738	10+ years designing user interfaces and digital experiences aligned with marketing and usability principles.	UI Designer + Advertising Specialist	Designing conversion-focused interfaces with clear user flows, strong visual hierarchy, and effective CTAs.	1fc7e251-cc7c-4676-8c81-e59eacff6c71
b5fccf57-240c-4d0d-907b-bc6d8d6f081d	5+ years developing modern web applications with a strong focus on performance and scalability.	React / Next.js Developer	Creating fast, scalable, and user-focused applications with clean architecture and optimized UX.	95fcd93d-e9a8-4315-9650-44cc6e6c199b
8fad1b03-8c7d-40c4-9b23-a88959b717a8	10+ years creating visual communication for brands across multiple industries.	Graphic Designer + Brand Identity Specialist	Developing impactful visual identities and marketing assets that communicate clearly and strengthen brand presence.	31257231-370c-4187-8eee-6199cf455978
b626568c-e11e-4dfa-accf-1b9223b78249	Professional experience handling structured data and digital content management.	Data Entry Specialist	High accuracy, attention to detail, and reliable delivery of clean and well-organized data.	13444f16-459a-4c77-8446-1f83af4f263c
\.


--
-- Data for Name: PromptLog; Type: TABLE DATA; Schema: public; Owner: -
--

COPY public."PromptLog" (id, title, job, output, connects, won, "createdAt", "userId", "categoryId", viewed, answered, boosted) FROM stdin;
897b6703-a4d2-4104-87f7-34aff9f61d7a	Bilingual English/Spanish Real Estate Appointment Setter	Bilingual Lead Generation Real Estate Appointment Setting\n\nMUST SPEAK SPANISH\n\nHave you worked with Mojo Dialer?\n\nIf so, I am looking for a real estate appointment setter. \n\nCandidate will homeowner lists in Mojo Dialer.\n\nGoal: To schedule a discovery call.\n\nI’m looking for someone to call tops 2 hours daily 10am-12pm or 2pm to 4pm. \n\nMost of the list is in English and Spanish.\n\nInterested in learning more?\n\nMUST SPEAK SPANISH	You are an expert in Upwork proposals.\n\nWrite a short, high-converting proposal.\n\nJob:\nBilingual Lead Generation Real Estate Appointment Setting\n\nMUST SPEAK SPANISH\n\nHave you worked with Mojo Dialer?\n\nIf so, I am looking for a real estate appointment setter. \n\nCandidate will homeowner lists in Mojo Dialer.\n\nGoal: To schedule a discovery call.\n\nI’m looking for someone to call tops 2 hours daily 10am-12pm or 2pm to 4pm. \n\nMost of the list is in English and Spanish.\n\nInterested in learning more?\n\nMUST SPEAK SPANISH\n\nFocus:\nVIRTUAL ASSISTANT\n- Clean execution\n\nMy profile:\n\n- Professional experience supporting digital tasks, organization, and workflow management.\n- Virtual Assistant\n- Strong organization, communication, and task execution to keep operations running efficiently.\n\n\nRules:\n- Start with a gretting in english\n- Max 150 words\n- Personalized first line\n- Use ✔️ bullet points\n- No generic phrases\n- Explain that Spanish is my native language, I can communicate in English in writing and if necessary we can do so orally considering that my level of spoken English is intermediate.\n- For the final CTA, don't suggest a call, it should be soft not agressive.  \n- End with Carlos Mora\n\nGenerate proposal:\n	0	t	2026-03-20 19:20:31.622	3f648760-e080-45cf-8da9-75cb97967816	34ef57b3-bf23-402a-84b8-fd516653e389	f	f	\N
4b9fe987-50ac-4c3d-bf35-3a6ca11dfdea	Spanish Transltor and legal document drafter Posted 4 hours ago	Spanish translator and help with drafting legal documents and forms.	You are an expert in Upwork proposals.\n\nWrite a short, high-converting proposal.\n\nJob:\nSpanish translator and help with drafting legal documents and forms.\n\nFocus:\nVIRTUAL ASSISTANT\n- Clean execution\n\nMy profile:\n\n- Professional experience supporting digital tasks, organization, and workflow management.\n- Virtual Assistant\n- Strong organization, communication, and task execution to keep operations running efficiently.\n\n\nRules:\n- Start with a gretting in english\n- Max 150 words\n- Personalized first line\n- Use ✔️ bullet points\n- No generic phrases\n- Explain that Spanish is my native language, I can communicate in English in writing and if necessary we can do so orally considering that my level of spoken English is intermediate.\n- For the final CTA, don't suggest a call, it should be soft not agressive.  \n- End with Carlos Mora\n\nGenerate proposal:\n	0	t	2026-03-20 19:20:13.822	3f648760-e080-45cf-8da9-75cb97967816	34ef57b3-bf23-402a-84b8-fd516653e389	f	f	\N
d26f0cdb-74ea-45a0-a882-973eddf61ff0	Web	We are seeking a skilled web developer to create a high-value website that meets our specific business needs. The ideal candidate will have a strong portfolio showcasing modern, responsive designs and a deep understanding of user experience. This project requires excellent communication skills and the ability to collaborate closely with our team. If you have a passion for creating visually stunning and functional websites, we would love to hear from you. Please include examples of your previous work in your application.	You are an expert in Upwork proposals.\n\nWrite a short, high-converting proposal.\n\nJob:\nWe are seeking a skilled web developer to create a high-value website that meets our specific business needs. The ideal candidate will have a strong portfolio showcasing modern, responsive designs and a deep understanding of user experience. This project requires excellent communication skills and the ability to collaborate closely with our team. If you have a passion for creating visually stunning and functional websites, we would love to hear from you. Please include examples of your previous work in your application.\n\nFocus:\nWordpress\n- Clean execution\n\nMy profile:\n\n- 10+ years building custom WordPress websites, themes, and plugins for multiple industries.\n- WordPress Developer + UI Designer\n- Building high-converting WordPress websites with custom UI, clear CTAs, and optimized performance.\n\n\nRules:\n- Start with a gretting in english\n- Max 150 words\n- Personalized first line\n- Use ✔️ bullet points\n- No generic phrases\n- Explain that Spanish is my native language, I can communicate in English in writing and if necessary we can do so orally considering that my level of spoken English is intermediate.\n- For the final CTA, don't suggest a call, it should be soft not agressive.  \n- End with Carlos Mora\n\nGenerate proposal:\n	0	t	2026-03-20 19:19:49.971	3f648760-e080-45cf-8da9-75cb97967816	e1ed708b-4ca9-4aa1-9e58-bb84ead4d434	f	f	\N
861ff806-4b1a-4dea-87d7-387dbd9b30c4	Website Development for Existing Domain	We are seeking a skilled web developer to enhance and update our existing website. The ideal candidate will have a solid understanding of web design, user experience, and responsive layout. You will be responsible for implementing new features, fixing bugs, and optimizing performance. Previous experience with various content management systems is preferred. If you have a keen eye for design and a passion for creating seamless user experiences, we would love to hear from you!	You are an expert in Upwork proposals.\n\nWrite a short, high-converting proposal.\n\nJob:\nWe are seeking a skilled web developer to enhance and update our existing website. The ideal candidate will have a solid understanding of web design, user experience, and responsive layout. You will be responsible for implementing new features, fixing bugs, and optimizing performance. Previous experience with various content management systems is preferred. If you have a keen eye for design and a passion for creating seamless user experiences, we would love to hear from you!\n\nFocus:\nWordpress\n- Clean execution\n\nMy profile:\n\n- 10+ years building custom WordPress websites, themes, and plugins for multiple industries.\n- WordPress Developer + UI Designer\n- Building high-converting WordPress websites with custom UI, clear CTAs, and optimized performance.\n\n\nRules:\n- Start with a gretting in english\n- Max 150 words\n- Personalized first line\n- Use ✔️ bullet points\n- No generic phrases\n- Explain that Spanish is my native language, I can communicate in English in writing and if necessary we can do so orally considering that my level of spoken English is intermediate.\n- For the final CTA, don't suggest a call, it should be soft not agressive.  \n- End with Carlos Mora\n\nGenerate proposal:\n	0	t	2026-03-20 19:21:21.892	3f648760-e080-45cf-8da9-75cb97967816	e1ed708b-4ca9-4aa1-9e58-bb84ead4d434	f	f	\N
f921cf92-1ae6-457e-ac21-3ffc4063ca77	Senior React Native Developer Required	We are building two mobile apps that help people find jobs across different categories (e.g., construction, cleaning, delivery, etc.). The app will allow users to browse job listings, apply directly, and connect with employers all from their mobile phones.\n\n We are looking for an experienced React Native developer who can work in a team to develop a clean, efficient, and scalable mobile app for both iOS and Android using React Native.\n\nKey Responsibilities:\nDevelop the job finder mobile app using React Native. Implement category-based modules.\n\nBuild clean and responsive UI components (using Story Book). Integrate backend APIs for jobs, users, and applications. Set up push notifications for job updates. Ensure app performance and smooth UX across devices. Use AI platforms and responsible for integrating the different AI Models for real-time processing	You are an expert in Upwork proposals.\n\nWrite a short, high-converting proposal.\n\nJob:\nWe are building two mobile apps that help people find jobs across different categories (e.g., construction, cleaning, delivery, etc.). The app will allow users to browse job listings, apply directly, and connect with employers all from their mobile phones.\n\n We are looking for an experienced React Native developer who can work in a team to develop a clean, efficient, and scalable mobile app for both iOS and Android using React Native.\n\nKey Responsibilities:\nDevelop the job finder mobile app using React Native. Implement category-based modules.\n\nBuild clean and responsive UI components (using Story Book). Integrate backend APIs for jobs, users, and applications. Set up push notifications for job updates. Ensure app performance and smooth UX across devices. Use AI platforms and responsible for integrating the different AI Models for real-time processing\n\nFocus:\nREACT NEXT.JS\n- Clean execution\n\nMy profile:\n\n- 5+ years developing modern web applications with a strong focus on performance and scalability.\n- React / Next.js Developer\n- Creating fast, scalable, and user-focused applications with clean architecture and optimized UX.\n\n\nRules:\n- Start with a gretting in english\n- Max 150 words\n- Personalized first line\n- Use ✔️ bullet points\n- No generic phrases\n- Explain that Spanish is my native language, I can communicate in English in writing and if necessary we can do so orally considering that my level of spoken English is intermediate.\n- For the final CTA, don't suggest a call, it should be soft not agressive.  \n- End with Carlos Mora\n\nGenerate proposal:\n	0	t	2026-03-20 19:21:57.73	3f648760-e080-45cf-8da9-75cb97967816	c0336d1b-2afc-4d47-ad46-5d78cd2fee73	f	f	\N
8ed4c268-754c-4d6c-9621-c46a53fd9850	Graphic Designer Needed for PDF Book Cover Reformatting	We are seeking a skilled graphic designer to assist in reformatting an existing PDF book cover (front, back and spine). for KDP paperback book. The ideal candidate will have experience in book cover design and proficiency in Adobe Creative Suite book covers for KDP. The cover image is complete insofar as the main design is concerned. However, there are some changes required to get the cover to fit inside the KDP guidelines. The author title at the foot of the front page does not fir in the guidelines for an 8.5" x 11" inch text book. Thanks for looking.	You are an expert in Upwork proposals.\n\nWrite a short, high-converting proposal.\n\nJob:\nWe are seeking a skilled graphic designer to assist in reformatting an existing PDF book cover (front, back and spine). for KDP paperback book. The ideal candidate will have experience in book cover design and proficiency in Adobe Creative Suite book covers for KDP. The cover image is complete insofar as the main design is concerned. However, there are some changes required to get the cover to fit inside the KDP guidelines. The author title at the foot of the front page does not fir in the guidelines for an 8.5" x 11" inch text book. Thanks for looking.\n\nFocus:\nGRAPHIC DESIGNER\n- Clean execution\n\nMy profile:\n\n- 10+ years creating visual communication for brands across multiple industries.\n- Graphic Designer + Brand Identity Specialist\n- Developing impactful visual identities and marketing assets that communicate clearly and strengthen brand presence.\n\n\nRules:\n- Start with a gretting in english\n- Max 150 words\n- Personalized first line\n- Use ✔️ bullet points\n- No generic phrases\n- Explain that Spanish is my native language, I can communicate in English in writing and if necessary we can do so orally considering that my level of spoken English is intermediate.\n- For the final CTA, don't suggest a call, it should be soft not agressive.  \n- End with Carlos Mora\n\nGenerate proposal:\n	0	t	2026-03-20 19:22:39.216	3f648760-e080-45cf-8da9-75cb97967816	dac2f1a8-e472-47e2-ac88-2afa7ea7f980	f	f	\N
288d9cc3-73db-4bee-91a3-e73ee19df0df	React Native Developer Needed to Fix & Finalize High-Speed Card Scanner App	I am looking for an experienced React Native developer to finalize and debug the card scanner feature in my existing app (MINTD).\n\nThe Current Situation:\nWe have built a Trading Card Game (TCG) scanner. The system uses react-native-vision-camera, crops/compresses the image, and sends it to our Node.js/Supabase backend, which uses OpenAI (GPT-4o-mini) to identify the card.\nOur web-based prototype works flawlessly (scanning takes ~4 seconds with 100% accuracy). However, the React Native iOS app is currently unstable and buggy.\n\nThe Problems that need fixing:\n\nCamera Payload Optimization: Ensure the app consistently crops and compresses the image (max 1280px,  250KB JPEG) before sending it to the API, preventing large payload timeouts.\n\nUI/UX & Error Handling: Right now, if the API returns an error or if no card is found, the app crashes or gets stuck in an infinite loading state. You need to build bulletproof UI states (Loading, Success, Failed, 'Try Again') based on the API responses.\n\nOverall Stability: Ensure the transition from the camera screen to the API call and back to the results screen is smooth and fast, exactly like our web version.\n\nWhat I am NOT looking for:\nI do not need you to build a custom Machine Learning model or rewrite the entire backend. The backend logic works. I need you to fix the React Native frontend so it communicates perfectly with the API and handles the camera efficiently.\n\nRequirements:\n\nStrong experience with React Native and Expo.\n\nExperience with react-native-vision-camera.\n\nExcellent understanding of API error handling and UI state management.\n\nIf you can take a 90% finished system and make it 100% reliable and user-friendly, please apply. Start your proposal with the word 'SCANNER' so I know you read this.	You are an expert in Upwork proposals.\n\nWrite a short, high-converting proposal.\n\nJob:\nI am looking for an experienced React Native developer to finalize and debug the card scanner feature in my existing app (MINTD).\n\nThe Current Situation:\nWe have built a Trading Card Game (TCG) scanner. The system uses react-native-vision-camera, crops/compresses the image, and sends it to our Node.js/Supabase backend, which uses OpenAI (GPT-4o-mini) to identify the card.\nOur web-based prototype works flawlessly (scanning takes ~4 seconds with 100% accuracy). However, the React Native iOS app is currently unstable and buggy.\n\nThe Problems that need fixing:\n\nCamera Payload Optimization: Ensure the app consistently crops and compresses the image (max 1280px,  250KB JPEG) before sending it to the API, preventing large payload timeouts.\n\nUI/UX & Error Handling: Right now, if the API returns an error or if no card is found, the app crashes or gets stuck in an infinite loading state. You need to build bulletproof UI states (Loading, Success, Failed, 'Try Again') based on the API responses.\n\nOverall Stability: Ensure the transition from the camera screen to the API call and back to the results screen is smooth and fast, exactly like our web version.\n\nWhat I am NOT looking for:\nI do not need you to build a custom Machine Learning model or rewrite the entire backend. The backend logic works. I need you to fix the React Native frontend so it communicates perfectly with the API and handles the camera efficiently.\n\nRequirements:\n\nStrong experience with React Native and Expo.\n\nExperience with react-native-vision-camera.\n\nExcellent understanding of API error handling and UI state management.\n\nIf you can take a 90% finished system and make it 100% reliable and user-friendly, please apply. Start your proposal with the word 'SCANNER' so I know you read this.\n\nFocus:\nREACT NEXT.JS\n- Clean execution\n\nMy profile:\n\n- 5+ years developing modern web applications with a strong focus on performance and scalability.\n- React / Next.js Developer\n- Creating fast, scalable, and user-focused applications with clean architecture and optimized UX.\n\n\nRules:\n- Start with a gretting in english\n- Max 150 words\n- Personalized first line\n- Use ✔️ bullet points\n- No generic phrases\n- Explain that Spanish is my native language, I can communicate in English in writing and if necessary we can do so orally considering that my level of spoken English is intermediate.\n- For the final CTA, don't suggest a call, it should be soft not agressive.  \n- End with Carlos Mora\n\nGenerate proposal:\n	0	t	2026-03-20 19:23:51.145	3f648760-e080-45cf-8da9-75cb97967816	c0336d1b-2afc-4d47-ad46-5d78cd2fee73	f	f	\N
1acefa70-807f-48f6-80da-4839bd4f4989	Real Estate Flyer Design Needed	We are seeking a talented graphic designer to create an eye-catching flyer for a real estate listing. The flyer should effectively showcase the property features, including high-quality images and well-organized information. The ideal candidate will have experience in real estate marketing materials and a strong portfolio of previous flyer designs. Attention to detail and creativity are essential to ensure the flyer stands out and attracts potential buyers.	You are an expert in Upwork proposals.\n\nWrite a short, high-converting proposal.\n\nJob:\nWe are seeking a talented graphic designer to create an eye-catching flyer for a real estate listing. The flyer should effectively showcase the property features, including high-quality images and well-organized information. The ideal candidate will have experience in real estate marketing materials and a strong portfolio of previous flyer designs. Attention to detail and creativity are essential to ensure the flyer stands out and attracts potential buyers.\n\nFocus:\nGRAPHIC DESIGNER\n- Clean execution\n\nMy profile:\n\n- 10+ years creating visual communication for brands across multiple industries.\n- Graphic Designer + Brand Identity Specialist\n- Developing impactful visual identities and marketing assets that communicate clearly and strengthen brand presence.\n\n\nRules:\n- Start with a gretting in english\n- Max 150 words\n- Personalized first line\n- Use ✔️ bullet points\n- No generic phrases\n- Explain that Spanish is my native language, I can communicate in English in writing and if necessary we can do so orally considering that my level of spoken English is intermediate.\n- For the final CTA, don't suggest a call, it should be soft not agressive.  \n- End with Carlos Mora\n\nGenerate proposal:\n	0	t	2026-03-20 19:24:47.081	3f648760-e080-45cf-8da9-75cb97967816	dac2f1a8-e472-47e2-ac88-2afa7ea7f980	f	f	\N
e5fdc2dc-b919-4dfd-a677-dc2063552b83	Create a to scale outline	Need a to-scale outline drawing template of this sampling cart	You are an expert in Upwork proposals.\n\nWrite a short, high-converting proposal.\n\nJob:\nNeed a to-scale outline drawing template of this sampling cart\n\nFocus:\nGRAPHIC DESIGNER\n- Clean execution\n\nMy profile:\n\n- 10+ years creating visual communication for brands across multiple industries.\n- Graphic Designer + Brand Identity Specialist\n- Developing impactful visual identities and marketing assets that communicate clearly and strengthen brand presence.\n\n\nRules:\n- Start with a gretting in english\n- Max 150 words\n- Personalized first line\n- Use ✔️ bullet points\n- No generic phrases\n- Explain that Spanish is my native language, I can communicate in English in writing and if necessary we can do so orally considering that my level of spoken English is intermediate.\n- For the final CTA, don't suggest a call, it should be soft not agressive.  \n- End with Carlos Mora\n\nGenerate proposal:\n	13	f	2026-03-20 19:25:19.582	3f648760-e080-45cf-8da9-75cb97967816	dac2f1a8-e472-47e2-ac88-2afa7ea7f980	f	f	10
1f901525-af1b-42ba-a933-4cb215c9a9f4	TikTok Virtual Assistant (Daily Posting – Simple Upload Task)	I’m looking for a reliable virtual assistant to upload **1 TikTok post per day**.\n\nAll content is already prepared (video + title). Your job is simply to:\n* Upload the provided video\n* Copy & paste the given title/caption\n* Ensure it’s posted at the scheduled time\n\n**Requirements:**\n* Consistency (daily posting, no misses)\n* Basic familiarity with TikTok\n* Attention to detail\n\n**Compensation:**\n* €1 per post (fixed, long-term possible)\n\n**Ideal Candidate:**\nSomeone dependable who can handle a simple, repetitive task without errors.\n\n**To apply:**\nSend a short message confirming you can post daily without fail.	You are an expert in Upwork proposals.\n\nWrite a short, high-converting proposal.\n\nJob:\nI’m looking for a reliable virtual assistant to upload **1 TikTok post per day**.\n\nAll content is already prepared (video + title). Your job is simply to:\n* Upload the provided video\n* Copy & paste the given title/caption\n* Ensure it’s posted at the scheduled time\n\n**Requirements:**\n* Consistency (daily posting, no misses)\n* Basic familiarity with TikTok\n* Attention to detail\n\n**Compensation:**\n* €1 per post (fixed, long-term possible)\n\n**Ideal Candidate:**\nSomeone dependable who can handle a simple, repetitive task without errors.\n\n**To apply:**\nSend a short message confirming you can post daily without fail.\n\nFocus:\nVIRTUAL ASSISTANT\n- Clean execution\n\nMy profile:\n\n- Professional experience supporting digital tasks, organization, and workflow management.\n- Virtual Assistant\n- Strong organization, communication, and task execution to keep operations running efficiently.\n\n\nRules:\n- Start with a gretting in english\n- Max 150 words\n- Personalized first line\n- Use ✔️ bullet points\n- No generic phrases\n- Explain that Spanish is my native language, I can communicate in English in writing and if necessary we can do so orally considering that my level of spoken English is intermediate.\n- For the final CTA, don't suggest a call, it should be soft not agressive.  \n- End with Carlos Mora\n\nGenerate proposal:\n	9	f	2026-03-24 20:10:14.658	18a23946-2020-43e5-a2e2-a99c5a03143e	797afed3-0b42-48cf-b9d2-a0d19c69cae3	f	f	0
f63a69fd-06a6-4fa8-a253-f1e787b561b8	Personal Assistant for Lead Generation and Digital Marketing	experience in lead generation and data scraping. The ideal candidate will possess excellent English proficiency and a solid understanding of digital marketing and advertisement strategies. Your role will involve gathering leads, managing marketing campaigns, and ensuring effective communication. If you are proactive, organized, and ready to contribute to our team's success, we would love to hear from you!	You are an expert in Upwork proposals.\n\nWrite a short, high-converting proposal.\n\nJob:\nexperience in lead generation and data scraping. The ideal candidate will possess excellent English proficiency and a solid understanding of digital marketing and advertisement strategies. Your role will involve gathering leads, managing marketing campaigns, and ensuring effective communication. If you are proactive, organized, and ready to contribute to our team's success, we would love to hear from you!\n\nFocus:\nVIRTUAL ASSISTANT\n- Clean execution\n\nMy profile:\n\n- Professional experience supporting digital tasks, organization, and workflow management.\n- Virtual Assistant\n- Strong organization, communication, and task execution to keep operations running efficiently.\n\n\nRules:\n- Start with a gretting in english\n- Max 150 words\n- Personalized first line\n- Use ✔️ bullet points\n- No generic phrases\n- Explain that Spanish is my native language, I can communicate in English in writing and if necessary we can do so orally considering that my level of spoken English is intermediate.\n- For the final CTA, don't suggest a call, it should be soft not agressive.  \n- End with Carlos Mora\n\nGenerate proposal:\n	0	t	2026-03-20 19:20:54.025	3f648760-e080-45cf-8da9-75cb97967816	34ef57b3-bf23-402a-84b8-fd516653e389	f	f	\N
ed3c50ba-94fe-45b2-b7b4-2803829ef8d9	Illustrated Property Map for YouTube Documentary Project.	I'm building a cinematic documentary YouTube channel about transforming a rural property. As part of the visual identity of the project I need a detailed illustrated map of the property that can appear in videos to show viewers where specific work is happening or where a scene takes place.\n\nThe style I'm looking for sits between two references: a hand-drawn sketch with marker and watercolor touches showing the full property layout with labeled zones, and a detailed aerial illustration with a slightly comic or graphic novel feel that shows the land, structures and natural elements from above. Not a technical drawing, not a digital render. Something with soul and craft.\n\nWhat I have to give you:\n\nA full topographic plan of the property done by a professional surveyor, exact measurements and layout of every zone via satellite and mapping app, photos of the property and its different areas.\n\nWhat I need from you:\n\nOne main illustrated map of the full property with all zones clearly labeled. Then three additional maps of the same property zoomed into specific areas, with more detail and definition than the general one. These four maps will work together as a set, the general one giving the full picture and the detailed ones showing particular zones up close as they are developed or featured in a video.\n\nThe style needs to feel consistent across all four and like it belongs in a cinematic, slow-paced documentary project. Aesthetic matters as much as accuracy.\n\nThe maps will be used as static images with occasional zooms in video editing, so they need to work well at high resolution.\n\nImportant: this could evolve into additional work as the property develops and new zones are built or transformed over time. If the collaboration works well I may need updated versions or new detail maps in the future.\n\nBudget: open to proposals, please include your rate and estimated timeline for the full set of four maps.\n\nTo apply please include:\n1. Portfolio samples of illustrated maps, property plans or aerial illustrations\n2. Your preferred style or medium (digital, watercolor, ink, mixed)\n3. A brief note on how you would approach this based on the references described\n\nHablo español. Si eres hispanohablante y tienes experiencia en ilustración cartográfica o mapas ilustrados escríbeme directamente en español.	You are an expert in Upwork proposals.\n\nWrite a short, high-converting proposal.\n\nJob:\nI'm building a cinematic documentary YouTube channel about transforming a rural property. As part of the visual identity of the project I need a detailed illustrated map of the property that can appear in videos to show viewers where specific work is happening or where a scene takes place.\n\nThe style I'm looking for sits between two references: a hand-drawn sketch with marker and watercolor touches showing the full property layout with labeled zones, and a detailed aerial illustration with a slightly comic or graphic novel feel that shows the land, structures and natural elements from above. Not a technical drawing, not a digital render. Something with soul and craft.\n\nWhat I have to give you:\n\nA full topographic plan of the property done by a professional surveyor, exact measurements and layout of every zone via satellite and mapping app, photos of the property and its different areas.\n\nWhat I need from you:\n\nOne main illustrated map of the full property with all zones clearly labeled. Then three additional maps of the same property zoomed into specific areas, with more detail and definition than the general one. These four maps will work together as a set, the general one giving the full picture and the detailed ones showing particular zones up close as they are developed or featured in a video.\n\nThe style needs to feel consistent across all four and like it belongs in a cinematic, slow-paced documentary project. Aesthetic matters as much as accuracy.\n\nThe maps will be used as static images with occasional zooms in video editing, so they need to work well at high resolution.\n\nImportant: this could evolve into additional work as the property develops and new zones are built or transformed over time. If the collaboration works well I may need updated versions or new detail maps in the future.\n\nBudget: open to proposals, please include your rate and estimated timeline for the full set of four maps.\n\nTo apply please include:\n1. Portfolio samples of illustrated maps, property plans or aerial illustrations\n2. Your preferred style or medium (digital, watercolor, ink, mixed)\n3. A brief note on how you would approach this based on the references described\n\nHablo español. Si eres hispanohablante y tienes experiencia en ilustración cartográfica o mapas ilustrados escríbeme directamente en español.\n\nFocus:\nGRAPHIC DESIGNER\n- Clean execution\n\nMy profile:\n\n- 10+ years creating visual communication for brands across multiple industries.\n- Graphic Designer + Brand Identity Specialist\n- Developing impactful visual identities and marketing assets that communicate clearly and strengthen brand presence.\n\n\nRules:\n- Start with a gretting in english\n- Max 150 words\n- Personalized first line\n- Use ✔️ bullet points\n- No generic phrases\n- Explain that Spanish is my native language, I can communicate in English in writing and if necessary we can do so orally considering that my level of spoken English is intermediate.\n- For the final CTA, don't suggest a call, it should be soft not agressive.  \n- End with Carlos Mora\n\nGenerate proposal:\n	0	t	2026-03-20 19:24:30.604	3f648760-e080-45cf-8da9-75cb97967816	dac2f1a8-e472-47e2-ac88-2afa7ea7f980	f	f	\N
277f6843-3006-4f61-9a26-51284a0df362	Picture editing	Hi, i have two images i need you to take a child's face from one and put it on the other, as well as change some text in the background	You are an expert in Upwork proposals.\n\nWrite a short, high-converting proposal.\n\nJob:\nHi, i have two images i need you to take a child's face from one and put it on the other, as well as change some text in the background\n\nFocus:\nGRAPHIC DESIGNER\n- Clean execution\n\nMy profile:\n\n- 10+ years creating visual communication for brands across multiple industries.\n- Graphic Designer + Brand Identity Specialist\n- Developing impactful visual identities and marketing assets that communicate clearly and strengthen brand presence.\n\n\nRules:\n- Start with a gretting in english\n- Max 150 words\n- Personalized first line\n- Use ✔️ bullet points\n- No generic phrases\n- Explain that Spanish is my native language, I can communicate in English in writing and if necessary we can do so orally considering that my level of spoken English is intermediate.\n- For the final CTA, don't suggest a call, it should be soft not agressive.  \n- End with Carlos Mora\n\nGenerate proposal:\n	10	t	2026-03-20 19:26:19.736	3f648760-e080-45cf-8da9-75cb97967816	dac2f1a8-e472-47e2-ac88-2afa7ea7f980	t	t	12
4980c6dd-66fd-459e-93bc-b2360ad5f1af	Build AI-Powered Personalised E-commerce Workflow (Automation + Mockup Generation)	**Title:** Build AI-Powered Personalised E-commerce Workflow (Automation + Mockup Generation)\n\n**Project Overview:**\nI’m building a personalised e-commerce experience where users receive custom product mockups immediately after signing up.\n\nExample:\nA user signs up with the name “Sarah” → the system automatically generates product mockups (e.g. hoodie with “S”, mug with “Sarah”) and displays them in real time.\n\nI need an experienced developer / automation engineer to design and build the backend workflows and initial MVP.\n\n---\n\n**What I Need Built (MVP Scope):**\n\n* Capture and process signup data (name, email, optional preferences)\n* Extract personalisation variables (e.g. name, initials)\n* Generate personalised product mockups using AI or templates\n* Connect to a mockup or print-on-demand API (if needed)\n* Return and display 3–5 personalised product visuals after signup\n* Basic logic to select which products to show\n\n---\n\n**Key Requirements:**\n\n* Strong backend skills (Node.js, Python, or similar)\n* Experience working with APIs and automation workflows\n* Experience with AI tools (image generation or similar)\n* Ability to design system architecture (not just follow instructions)\n\n---\n\n**Nice to Have:**\n\n* Experience with e-commerce or product personalisation\n* Familiarity with tools like Zapier, Make, or similar\n* Frontend experience (React / Next.js)\n\n---\n\n**Important:**\nSpeed is critical. The system should feel near real-time (or use smart workarounds like pre-generated assets).\n\n---\n\n**Deliverables:**\n\n1. System architecture / workflow plan\n2. Working MVP (end-to-end flow)\n3. Clean, documented code\n\n---\n\n**To Apply, Please Include:**\n\n1. Examples of similar systems or automation workflows you’ve built\n2. A short explanation of how you would approach this project\n3. Your estimated timeline for an MVP\n4. Your tech stack recommendation\n\n---\n\n**Budget:**\nOpen to proposals (fixed price or hourly)\n\n---\n\n**Bonus (Optional):**\nIf this goes well, there’s potential for ongoing work to scale and optimise the system.	You are an expert in Upwork proposals.\n\nWrite a short, high-converting proposal.\n\nJob:\n**Title:** Build AI-Powered Personalised E-commerce Workflow (Automation + Mockup Generation)\n\n**Project Overview:**\nI’m building a personalised e-commerce experience where users receive custom product mockups immediately after signing up.\n\nExample:\nA user signs up with the name “Sarah” → the system automatically generates product mockups (e.g. hoodie with “S”, mug with “Sarah”) and displays them in real time.\n\nI need an experienced developer / automation engineer to design and build the backend workflows and initial MVP.\n\n---\n\n**What I Need Built (MVP Scope):**\n\n* Capture and process signup data (name, email, optional preferences)\n* Extract personalisation variables (e.g. name, initials)\n* Generate personalised product mockups using AI or templates\n* Connect to a mockup or print-on-demand API (if needed)\n* Return and display 3–5 personalised product visuals after signup\n* Basic logic to select which products to show\n\n---\n\n**Key Requirements:**\n\n* Strong backend skills (Node.js, Python, or similar)\n* Experience working with APIs and automation workflows\n* Experience with AI tools (image generation or similar)\n* Ability to design system architecture (not just follow instructions)\n\n---\n\n**Nice to Have:**\n\n* Experience with e-commerce or product personalisation\n* Familiarity with tools like Zapier, Make, or similar\n* Frontend experience (React / Next.js)\n\n---\n\n**Important:**\nSpeed is critical. The system should feel near real-time (or use smart workarounds like pre-generated assets).\n\n---\n\n**Deliverables:**\n\n1. System architecture / workflow plan\n2. Working MVP (end-to-end flow)\n3. Clean, documented code\n\n---\n\n**To Apply, Please Include:**\n\n1. Examples of similar systems or automation workflows you’ve built\n2. A short explanation of how you would approach this project\n3. Your estimated timeline for an MVP\n4. Your tech stack recommendation\n\n---\n\n**Budget:**\nOpen to proposals (fixed price or hourly)\n\n---\n\n**Bonus (Optional):**\nIf this goes well, there’s potential for ongoing work to scale and optimise the system.\n\nFocus:\nGRAPHIC DESIGNER\n- Clean execution\n\nMy profile:\n\n- 10+ years creating visual communication for brands across multiple industries.\n- Graphic Designer + Brand Identity Specialist\n- Developing impactful visual identities and marketing assets that communicate clearly and strengthen brand presence.\n\n\nRules:\n- Start with a gretting in english\n- Max 150 words\n- Personalized first line\n- Use ✔️ bullet points\n- No generic phrases\n- Explain that Spanish is my native language, I can communicate in English in writing and if necessary we can do so orally considering that my level of spoken English is intermediate.\n- For the final CTA, don't suggest a call, it should be soft not agressive.  \n- End with Carlos Mora\n\nGenerate proposal:\n	11	t	2026-03-20 19:25:43.889	3f648760-e080-45cf-8da9-75cb97967816	dac2f1a8-e472-47e2-ac88-2afa7ea7f980	t	t	6
48d7a657-b67b-459c-97dc-f90c7b9644be	Build a Simple Lead Generation Website from Mockup (Calendly + WhatsApp Integration)	I’m looking for a reliable web developer to build a clean, simple lead generation website based on a mockup I’ve already created (see image attache). It's on wordpress - gethomed.co.uk\n\nThe website is for a property service where I help home buyers and renters find their ideal home.\n\nThis is a straightforward project — I’m not looking for anything overly complex, but I do want strong attention to detail and a polished final result.\n\nScope of Work:\n\nBuild a responsive website from an existing mockup (that looks good on web and mobile)\n\nMatch the design exactly (colors, fonts, layout, spacing)\n\nSet up the following integrations:\n\nCalendly (for booking calls)\nWhatsApp (for direct messaging)\n\nContent:\n\nMost of the copy is already reflected in the mockup\nA few small text changes will be provided after the job is awarded\n\nWhat I’m Looking For:\n\nExperience building simple, high-converting landing pages/websites\nAbility to follow a design precisely\nGood communication and quick turnaround\n\nTo Apply:\nPlease include:\n2–3 examples of similar websites you’ve built\nYour estimated timeline	You are an expert in Upwork proposals.\n\nWrite a short, high-converting proposal.\n\nJob:\nI’m looking for a reliable web developer to build a clean, simple lead generation website based on a mockup I’ve already created (see image attache). It's on wordpress - gethomed.co.uk\n\nThe website is for a property service where I help home buyers and renters find their ideal home.\n\nThis is a straightforward project — I’m not looking for anything overly complex, but I do want strong attention to detail and a polished final result.\n\nScope of Work:\n\nBuild a responsive website from an existing mockup (that looks good on web and mobile)\n\nMatch the design exactly (colors, fonts, layout, spacing)\n\nSet up the following integrations:\n\nCalendly (for booking calls)\nWhatsApp (for direct messaging)\n\nContent:\n\nMost of the copy is already reflected in the mockup\nA few small text changes will be provided after the job is awarded\n\nWhat I’m Looking For:\n\nExperience building simple, high-converting landing pages/websites\nAbility to follow a design precisely\nGood communication and quick turnaround\n\nTo Apply:\nPlease include:\n2–3 examples of similar websites you’ve built\nYour estimated timeline\n\nFocus:\nWordpress\n- Clean execution\n\nMy profile:\n\n- 10+ years building custom WordPress websites, themes, and plugins for multiple industries.\n- WordPress Developer + UI Designer\n- Building high-converting WordPress websites with custom UI, clear CTAs, and optimized performance.\n\n\nRules:\n- Start with a gretting in english\n- Max 150 words\n- Personalized first line\n- Use ✔️ bullet points\n- No generic phrases\n- Explain that Spanish is my native language, I can communicate in English in writing and if necessary we can do so orally considering that my level of spoken English is intermediate.\n- For the final CTA, don't suggest a call, it should be soft not agressive.  \n- End with Carlos Mora\n\nGenerate proposal:\n	14	f	2026-03-24 19:33:15.364	18a23946-2020-43e5-a2e2-a99c5a03143e	d40b1e47-c83f-4924-8902-e845cd74673c	f	f	0
6078469e-5dfe-4eaa-84b9-ab8bb59517e9	Experienced WordPress Web Developer Needed for Innovative Brand Project	We are looking for a skilled and creative WordPress Web Developer to join us on an exciting project. The ideal candidate should have strong experience in building, customizing, and maintaining WordPress websites, with a keen eye for design and user experience.\n\nResponsibilities:\n\nDevelop and customize WordPress themes and plugins\nBuild responsive, user-friendly websites from design concepts\nOptimize website performance, speed, and SEO\nTroubleshoot and fix bugs or technical issues\nCollaborate with our team to implement new features and improvements\nEnsure websites are secure and up-to-date\n\nRequirements:\n\nProven experience as a WordPress Developer\nStrong knowledge of HTML, CSS, JavaScript, and PHP\nExperience with page builders (e.g., Elementor, WPBakery) is a plus\nFamiliarity with SEO best practices\nAbility to work independently and meet deadlines\nStrong communication skills\n\nPreferred Qualifications:\n\nExperience with WooCommerce\nBasic understanding of UI/UX design principles\nExperience with website migration and hosting environments	You are an expert in Upwork proposals.\n\nWrite a short, high-converting proposal.\n\nJob:\nWe are looking for a skilled and creative WordPress Web Developer to join us on an exciting project. The ideal candidate should have strong experience in building, customizing, and maintaining WordPress websites, with a keen eye for design and user experience.\n\nResponsibilities:\n\nDevelop and customize WordPress themes and plugins\nBuild responsive, user-friendly websites from design concepts\nOptimize website performance, speed, and SEO\nTroubleshoot and fix bugs or technical issues\nCollaborate with our team to implement new features and improvements\nEnsure websites are secure and up-to-date\n\nRequirements:\n\nProven experience as a WordPress Developer\nStrong knowledge of HTML, CSS, JavaScript, and PHP\nExperience with page builders (e.g., Elementor, WPBakery) is a plus\nFamiliarity with SEO best practices\nAbility to work independently and meet deadlines\nStrong communication skills\n\nPreferred Qualifications:\n\nExperience with WooCommerce\nBasic understanding of UI/UX design principles\nExperience with website migration and hosting environments\n\nFocus:\nWordpress\n- Clean execution\n\nMy profile:\n\n- 10+ years building custom WordPress websites, themes, and plugins for multiple industries.\n- WordPress Developer + UI Designer\n- Building high-converting WordPress websites with custom UI, clear CTAs, and optimized performance.\n\n\nRules:\n- Start with a gretting in english\n- Max 150 words\n- Personalized first line\n- Use ✔️ bullet points\n- No generic phrases\n- Explain that Spanish is my native language, I can communicate in English in writing and if necessary we can do so orally considering that my level of spoken English is intermediate.\n- For the final CTA, don't suggest a call, it should be soft not agressive.  \n- End with Carlos Mora\n\nGenerate proposal:\n	14	f	2026-03-24 19:19:47.37	18a23946-2020-43e5-a2e2-a99c5a03143e	d40b1e47-c83f-4924-8902-e845cd74673c	f	f	0
c0cdc4ad-6f31-4c4f-8324-6c0da40bb5e8	Design a Lead Capture Page for Truckers Fuel Broker	We are seeking a skilled web designer to create an effective lead capture page for our Truckers Fuel Broker service. The ideal candidate will have experience in designing high-converting landing pages that attract potential clients in the trucking industry. The page should highlight our services, include a clear call-to-action, and be optimized for mobile devices. A/B testing and SEO best practices will be essential for maximizing conversions. If you have a portfolio showcasing your work in this area, please submit it along with your application.	You are an expert in Upwork proposals.\n\nWrite a short, high-converting proposal.\n\nJob:\nWe are seeking a skilled web designer to create an effective lead capture page for our Truckers Fuel Broker service. The ideal candidate will have experience in designing high-converting landing pages that attract potential clients in the trucking industry. The page should highlight our services, include a clear call-to-action, and be optimized for mobile devices. A/B testing and SEO best practices will be essential for maximizing conversions. If you have a portfolio showcasing your work in this area, please submit it along with your application.\n\nFocus:\nWordpress\n- Clean execution\n\nMy profile:\n\n- 10+ years building custom WordPress websites, themes, and plugins for multiple industries.\n- WordPress Developer + UI Designer\n- Building high-converting WordPress websites with custom UI, clear CTAs, and optimized performance.\n\n\nRules:\n- Start with a gretting in english\n- Max 150 words\n- Personalized first line\n- Use ✔️ bullet points\n- No generic phrases\n- Explain that Spanish is my native language, I can communicate in English in writing and if necessary we can do so orally considering that my level of spoken English is intermediate.\n- For the final CTA, don't suggest a call, it should be soft not agressive.  \n- End with Carlos Mora\n\nGenerate proposal:\n	15	f	2026-03-24 20:30:25.498	18a23946-2020-43e5-a2e2-a99c5a03143e	d40b1e47-c83f-4924-8902-e845cd74673c	f	f	5
e72d9f16-7fd6-4121-b9b5-3aebd0b61d08	Website Rebuild for Construction Consulting Firm on WordPress	We are seeking a skilled WordPress developer to rebuild our website for a construction consulting firm. The project will involve creating a user-friendly, responsive design that aligns with our brand identity. A detailed scope of work will be provided, outlining specific features and functionalities required. Experience in website optimization and SEO is a plus. If you have a passion for delivering high-quality web solutions and can work collaboratively, we want to hear from you!	You are an expert in Upwork proposals.\n\nWrite a short, high-converting proposal.\n\nJob:\nWe are seeking a skilled WordPress developer to rebuild our website for a construction consulting firm. The project will involve creating a user-friendly, responsive design that aligns with our brand identity. A detailed scope of work will be provided, outlining specific features and functionalities required. Experience in website optimization and SEO is a plus. If you have a passion for delivering high-quality web solutions and can work collaboratively, we want to hear from you!\n\nFocus:\nWordpress\n- Clean execution\n\nMy profile:\n\n- 10+ years building custom WordPress websites, themes, and plugins for multiple industries.\n- WordPress Developer + UI Designer\n- Building high-converting WordPress websites with custom UI, clear CTAs, and optimized performance.\n\n\nRules:\n- Start with a gretting in english\n- Max 150 words\n- Personalized first line\n- Use ✔️ bullet points\n- No generic phrases\n- Explain that Spanish is my native language, I can communicate in English in writing and if necessary we can do so orally considering that my level of spoken English is intermediate.\n- For the final CTA, don't suggest a call, it should be soft not agressive.  \n- End with Carlos Mora\n\nGenerate proposal:\n	18	f	2026-03-24 20:14:20.044	18a23946-2020-43e5-a2e2-a99c5a03143e	d40b1e47-c83f-4924-8902-e845cd74673c	f	f	0
39ead901-7da9-4df4-b28a-4d8d195a482d	LinkedIn Banner & Business Card Designer Posted 3 hours ago	We’re looking for a graphic designer to create clean, professional branding assets.\n\nScope of Work:\n\nDesign 3 LinkedIn banners\nRedesign business cards\nEnsure consistency across all designs\n\nStyle Direction:\n\nClean, professional, and corporate\nStrong layout and typography\nMinimal but impactful visuals\nB2B style preferred\nBudget:\n$30 per LinkedIn banner\n$30 per business card design\nTotal: 6 designs\nRequirements:\nStrong portfolio (LinkedIn banners, branding, business cards)\nFast turnaround and clear communication\nOpen to revisions\nTo Apply:\n\nPlease include:\n\nPortfolio (relevant work only)\nTurnaround time per design\nConfirmation you’re okay with $30 per design\nAdditional Note:\n\nWe’re open to both U.S.-based and international designers and will shortlist a few candidates.	You are an expert in Upwork proposals.\n\nWrite a short, high-converting proposal.\n\nJob:\nWe’re looking for a graphic designer to create clean, professional branding assets.\n\nScope of Work:\n\nDesign 3 LinkedIn banners\nRedesign business cards\nEnsure consistency across all designs\n\nStyle Direction:\n\nClean, professional, and corporate\nStrong layout and typography\nMinimal but impactful visuals\nB2B style preferred\nBudget:\n$30 per LinkedIn banner\n$30 per business card design\nTotal: 6 designs\nRequirements:\nStrong portfolio (LinkedIn banners, branding, business cards)\nFast turnaround and clear communication\nOpen to revisions\nTo Apply:\n\nPlease include:\n\nPortfolio (relevant work only)\nTurnaround time per design\nConfirmation you’re okay with $30 per design\nAdditional Note:\n\nWe’re open to both U.S.-based and international designers and will shortlist a few candidates.\n\nFocus:\nGRAPHIC DESIGNER\n- Clean execution\n\nMy profile:\n\n- 10+ years creating visual communication for brands across multiple industries.\n- Graphic Designer + Brand Identity Specialist\n- Developing impactful visual identities and marketing assets that communicate clearly and strengthen brand presence.\n\n\nRules:\n- Start with a gretting in english\n- Max 150 words\n- Personalized first line\n- Use ✔️ bullet points\n- No generic phrases\n- Explain that Spanish is my native language, I can communicate in English in writing and if necessary we can do so orally considering that my level of spoken English is intermediate.\n- For the final CTA, don't suggest a call, it should be soft not agressive.  \n- End with Carlos Mora\n\nGenerate proposal:\n	11	f	2026-03-24 22:10:31.665	18a23946-2020-43e5-a2e2-a99c5a03143e	31257231-370c-4187-8eee-6199cf455978	f	f	0
\.


--
-- Data for Name: User; Type: TABLE DATA; Schema: public; Owner: -
--

COPY public."User" (id, email, password, name, role, "emailVerified", "createdAt", "updatedAt", "lastLogin") FROM stdin;
3f648760-e080-45cf-8da9-75cb97967816	test@test1.com	$2b$10$eg.zBkQrY75uujL4bwwU1uxV8h0KGGwjACR9X6zRnAK50zAZdX1yi	Carlos	USER	f	2026-03-19 19:35:38.607	2026-03-24 00:30:38.272	2026-03-24 00:30:38.267
18a23946-2020-43e5-a2e2-a99c5a03143e	carlos.mora.ram@gmail.com	$2b$10$1akrJNlYFKzf84WLnmnYuOo6bQalldOKh38dY4foJDJoZvauCXTcG	Carlos Mora	USER	f	2026-03-23 22:37:39.902	2026-03-24 02:17:47.171	2026-03-24 02:17:47.168
\.


--
-- Data for Name: _prisma_migrations; Type: TABLE DATA; Schema: public; Owner: -
--

COPY public._prisma_migrations (id, checksum, finished_at, migration_name, logs, rolled_back_at, started_at, applied_steps_count) FROM stdin;
ffb7c182-e9b1-4666-b420-dd1a9a5167c4	97ef9a2e1aeb68db440722cd2a9daf90b5d2a7a895ac47f7f39fb7435a1a1a86	2026-03-19 15:22:56.078433+00	20260319152256_dev	\N	\N	2026-03-19 15:22:56.033191+00	1
fd3a2da2-ed81-4467-bc3d-2f1557cdbbf1	eb59e1fef33e54c94f1b6e3878e7c6e08f6d056eadf2c5a9e490600fc148e572	2026-03-20 16:45:09.009651+00	20260320164509_add_viewed_to_promptlog	\N	\N	2026-03-20 16:45:09.005713+00	1
7d9c1359-abf5-4985-950b-771fa13454d9	f4f523a6b3d7d0c5e4cf3c395f3efc27c507e89fe866012386163c613430a30c	2026-03-21 13:11:22.196772+00	20260321131122_boosted_to_int_and_anwered_bool	\N	\N	2026-03-21 13:11:22.187099+00	1
\.


--
-- Name: Category Category_pkey; Type: CONSTRAINT; Schema: public; Owner: -
--

ALTER TABLE ONLY public."Category"
    ADD CONSTRAINT "Category_pkey" PRIMARY KEY (id);


--
-- Name: Profile Profile_pkey; Type: CONSTRAINT; Schema: public; Owner: -
--

ALTER TABLE ONLY public."Profile"
    ADD CONSTRAINT "Profile_pkey" PRIMARY KEY (id);


--
-- Name: PromptLog PromptLog_pkey; Type: CONSTRAINT; Schema: public; Owner: -
--

ALTER TABLE ONLY public."PromptLog"
    ADD CONSTRAINT "PromptLog_pkey" PRIMARY KEY (id);


--
-- Name: User User_pkey; Type: CONSTRAINT; Schema: public; Owner: -
--

ALTER TABLE ONLY public."User"
    ADD CONSTRAINT "User_pkey" PRIMARY KEY (id);


--
-- Name: _prisma_migrations _prisma_migrations_pkey; Type: CONSTRAINT; Schema: public; Owner: -
--

ALTER TABLE ONLY public._prisma_migrations
    ADD CONSTRAINT _prisma_migrations_pkey PRIMARY KEY (id);


--
-- Name: Category_key_userId_key; Type: INDEX; Schema: public; Owner: -
--

CREATE UNIQUE INDEX "Category_key_userId_key" ON public."Category" USING btree (key, "userId");


--
-- Name: Profile_categoryId_key; Type: INDEX; Schema: public; Owner: -
--

CREATE UNIQUE INDEX "Profile_categoryId_key" ON public."Profile" USING btree ("categoryId");


--
-- Name: User_email_key; Type: INDEX; Schema: public; Owner: -
--

CREATE UNIQUE INDEX "User_email_key" ON public."User" USING btree (email);


--
-- Name: Category Category_userId_fkey; Type: FK CONSTRAINT; Schema: public; Owner: -
--

ALTER TABLE ONLY public."Category"
    ADD CONSTRAINT "Category_userId_fkey" FOREIGN KEY ("userId") REFERENCES public."User"(id) ON UPDATE CASCADE ON DELETE RESTRICT;


--
-- Name: Profile Profile_categoryId_fkey; Type: FK CONSTRAINT; Schema: public; Owner: -
--

ALTER TABLE ONLY public."Profile"
    ADD CONSTRAINT "Profile_categoryId_fkey" FOREIGN KEY ("categoryId") REFERENCES public."Category"(id) ON UPDATE CASCADE ON DELETE RESTRICT;


--
-- Name: PromptLog PromptLog_categoryId_fkey; Type: FK CONSTRAINT; Schema: public; Owner: -
--

ALTER TABLE ONLY public."PromptLog"
    ADD CONSTRAINT "PromptLog_categoryId_fkey" FOREIGN KEY ("categoryId") REFERENCES public."Category"(id) ON UPDATE CASCADE ON DELETE RESTRICT;


--
-- Name: PromptLog PromptLog_userId_fkey; Type: FK CONSTRAINT; Schema: public; Owner: -
--

ALTER TABLE ONLY public."PromptLog"
    ADD CONSTRAINT "PromptLog_userId_fkey" FOREIGN KEY ("userId") REFERENCES public."User"(id) ON UPDATE CASCADE ON DELETE RESTRICT;


--
-- PostgreSQL database dump complete
--

\unrestrict l4vS3qIBAWaejubfyoJx07JLSWkwxcvSN3oAudoEDbz79pVwMtKfYr7urKvMnq2

